m.0	Freebase Staff	common.topic
m.01000036	God Has Given Me	music.single,music.recording,common.topic
m.0100004v	Journey, Part 1	common.topic,music.release_track
m.01000056	Powertrippin'	common.topic,music.release_track
m.01000066	Speak	music.single,music.recording,common.topic
m.0100006n	Flaunt It	music.single,music.recording,common.topic
m.0100007	Annelise 2000	music.single,music.recording,common.topic
m.0100007b	True Romance (Gildas Kitsuné Club Night remix)	music.recording,common.topic
m.01000086	Who, What, When, Where, Why	music.release_track,common.topic
m.010000bn	`Til The Wheels Fall Off	common.topic,music.release_track
m.010000dn	Poison Dart	music.recording,common.topic
m.010000f0	Rockin' in the Place	common.topic,music.release_track
m.010000f6	Play This House	music.single,music.recording,common.topic
m.010000g	Brother Louie ('98) (album version)	music.recording,common.topic
m.010000hp	All About My Scrilla	music.release_track,common.topic
m.010000j1	Army Boy	music.single,music.recording,common.topic
m.010000j6	Concerto in modo galante for cello and orchestra: III. Rondo. Giocoso	music.single,music.recording,common.topic
m.010000k5	Seam Crooked Sam (Version 1)	music.recording,common.topic
m.010000ls	Crossover	music.record_label,organization.organization,common.topic,business.business_operation
m.010000mh	You Didn't Say a Word	music.single,music.recording,common.topic
m.010000ny	Take 'em Up	music.recording,common.topic
m.010000rr	The Young Person's Guide to the Orchestra, Op. 34: Theme C	music.release_track,common.topic
m.010000wm	Messiah: 26. All we like sheep have gone astray 75/G	music.release_track,common.topic
m.010000x3	Déjà Vu Nights	music.single,music.recording,common.topic
m.010000y3	Fun-K-Flavours	music.release_track,common.topic
m.0100010c	De Maxx Long Player 28: The Deep Edition	music.album,common.topic
m.0100013	In The Navy	music.recording,common.topic
m.01000133	Hits & Mrs.	music.release_track,common.topic
m.01000145	Ravenswood	music.release_track,common.topic
m.01000148	Till Tonight (Ferry Corsten Fix)	music.release_track,common.topic
m.0100015c	Up the Revolution	music.release_track,common.topic
m.01000164	Masters	music.release_track,common.topic
m.0100017c	Mon tout	common.topic,music.release_track
m.0100018d	Common Pleasure	music.recording,common.topic
m.010001bz	Whenever You Go	music.release_track,common.topic
m.010001ds	Well You Needn't	music.release_track,common.topic
m.010001f6	This Is My Life, Part 1	music.release_track,common.topic
m.010001hf	All About My $fetti (remix)	music.release_track,common.topic
m.010001j8	Un Ki Gali Mein	music.release_track,common.topic
m.010001jx	Say Hey (I Love You)	music.release_track,common.topic
m.010001k	Never Can Say Goodbye	music.recording,common.topic
m.010001mt	Dancefloor Satellite (DJ Armand remix)	music.release_track,common.topic
m.010001n8	Sunshine	music.single,music.recording,common.topic
m.010001nj	Three Parts on a Ground in D (Ré majeur), Z.731	music.release_track,common.topic
m.010001p8	Vega	music.release_track,common.topic
m.010001qb	Bluey	music.recording,common.topic
m.010001r_	u-leaf	music.release_track,common.topic
m.010001s	Zwanzig Zentimeter	music.single,music.recording,common.topic
m.010001t9	Serious	music.recording,common.topic
m.010001wx	Geschichten aus dem Wienerwald, op. 325	music.release_track,common.topic
m.010001yj	Sonate IV en do mineur, RV 2, "Fatto per il Maestro Pisendel": III. Adagio	music.single,music.recording,common.topic
m.010001zr	California Feelin'	music.release_track,common.topic
m.0100020_	[silence]	music.release_track,common.topic
m.0100022z	Life Is Short	music.release_track,common.topic
m.0100026	Drei weisse Tauben	music.single,music.recording,common.topic
m.01000267	Socially Awkward	music.album,common.topic
m.0100026f	Threatened (Knifed remix by Jared Slingerland and Craig Johnsen)	music.recording,common.topic
m.0100026j	The Strangers	music.release_track,common.topic
m.0100028x	Something Worth Remembering	common.topic,music.release_track
m.010002_2	My, My, My (5.1 mix)	music.release_track,common.topic
m.010002_q	Entrails	music.release_track,common.topic
m.010002bq	Dock of the Bay	music.single,music.recording,common.topic
m.010002cl	Bonafied Lovin' (RAC mix)	music.release_track,common.topic
m.010002cz	Ramblin' Man	music.recording,common.topic
m.010002gd	Choices	music.release_track,common.topic
m.010002j_	Big Boys Don’t Cry	music.single,music.recording,common.topic
m.010002kd	Working on the Highway	music.recording,common.topic
m.010002mn	Now Is Our Time	music.recording,common.topic
m.010002n	Hüttenhammer	music.single,music.recording,common.topic
m.010002nl	The Girl Who Said She Loved Me	music.single,music.recording,common.topic
m.010002np	Sleepers Awake (feat. Sue Demel, vocals)	music.single,music.recording,common.topic
m.010002qp	Aryan	film.actor,common.topic,people.person
m.010002qx	Chilambu	fictional_universe.fictional_character,film.film_character,common.topic
m.010002r7	Furnace	music.release_track,common.topic
m.010002rm	Christmas Ain't What It Used to Be	common.topic,music.release_track
m.010002s6	Vuelta, Part 5	music.release_track,common.topic
m.010002tq	He Plans Houses Like Trees	music.release_track,common.topic
m.010002v9	You're My Chance (short version)	music.single,music.recording,common.topic
m.010002w	Sierra Madre	music.recording,common.topic
m.010002wb	Demon' Spawn	music.single,music.recording,common.topic
m.010002yy	Hollow Heart	music.release_track,common.topic
m.010002zk	A Grain Of Sand	music.release_track,common.topic
m.01000306	Blax Thanx, Part Iii	music.release_track,common.topic
m.0100032	Polonäse Blankenese	music.single,music.recording,common.topic
m.01000328	Mannequin	music.recording,common.topic
m.0100033b	The Break	music.recording,common.topic,media_common.cataloged_instance
m.0100034q	Devour the Flesh	music.single,music.recording,common.topic
m.0100035q	Negative Thoughts	music.single,music.recording,common.topic
m.0100037h	Abruzzi	music.release_track,common.topic
m.0100039	La La La Van Strauss En Zo	music.recording,common.topic
m.0100039w	Studio Power On	music.release_track,common.topic
m.010003_3	Broken Man	music.single,music.recording,common.topic
m.010003f4	Disco Fever	music.release_track,common.topic
m.010003gv	Baby I Got That (Justin Martin radio edit)	music.release_track,common.topic
m.010003h_	For the Beauty of the Earth	music.release_track,common.topic
m.010003hg	O Let Me Weep (The Plaint)	music.release_track,common.topic
m.010003j	Thunder Storm -Instrumental-	music.single,music.recording,common.topic
m.010003jl	You're the One	music.single,music.recording,common.topic
m.010003kb	Space Captain	music.release_track,common.topic
m.010003kz	Christian (live version)	music.release_track,common.topic
